adult,backdrop_path,budget,genres,homepage,id,imdb_id,original_language,original_title,overview,popularity,poster_path,production_countries,release_date,revenue,runtime,spoken_languages,status,tagline,title,video,vote_average,vote_count,production_companies_name,production_companies_country
False,/dvQj1GBZAZirz1skEEZyWH2ZqQP.jpg,0,['Comedy'],,3924,tt0029927,en,Blondie,Blondie and Dagwood are about to celebrate their fifth wedding anniversary but this happy occasion is marred when the bumbling Dagwood gets himself involved in a scheme that is promising financial ruin for the Bumstead family.,2.852,/zBiHKhXklvTFwj4M1uEUcQGAVJ.jpg,['US'],1938-11-30,0,70,['en'],Released,The favorite comic strip of millions at last on the screen!,Blondie,False,7.214,7,['Columbia Pictures'],['US']
False,,0,['Adventure'],,6124,tt0011436,de,Der Mann ohne Namen,,1.091,/6xUbUCvndklbGVYiljHr34NTxSl.jpg,['DE'],1921-01-01,0,420,[],Released,,"Peter Voss, Thief of Millions",False,0.0,0,[],[]
False,/uJlc4aNPF3Y8yAqahJTKBwgwPVW.jpg,0,"['Drama', 'Romance']",,8773,tt0055747,fr,L'Amour à vingt ans,Love at Twenty unites five directors from five different countries to present their different perspectives on what love really is at the age of 20. The episodes are united with the score of Georges Delerue and still photos of Henri Cartier-Bresson.,3.77,/aup2QCYCsyEeQfpboXy0f4uj8aE.jpg,"['DE', 'FR', 'IT', 'JP', 'PL']",1962-06-22,0,110,"['it', 'ja', 'pl', 'fr', 'de']",Released,The Intimate Secrets of Young Lovers,Love at Twenty,False,6.7,41,"['Ulysse Productions', 'Unitec Films', 'Cinesecolo', 'TOHO', 'Beta Film', 'Film Polski', 'Zespół Filmowy ""Kamera""']","['', 'NZ', 'IT', 'JP', 'DE', 'PL', '']"
False,/hQ4pYsIbP22TMXOUdSfC2mjWrO0.jpg,0,"['Drama', 'Comedy', 'Crime']",,2,tt0094675,fi,Ariel,"Taisto Kasurinen is a Finnish coal miner whose father has just committed suicide and who is framed for a crime he did not commit. In jail, he starts to dream about leaving the country and starting a new life. He escapes from prison but things don't go as planned...",9.214,/ojDg0PGvs6R9xYFodRct2kdI6wC.jpg,['FI'],1988-10-21,0,73,['fi'],Released,,Ariel,False,7.046,248,['Villealfa Filmproductions'],['FI']
False,/l94l89eMmFKh7na2a1u5q67VgNx.jpg,0,"['Drama', 'Comedy', 'Romance']",,3,tt0092149,fi,Varjoja paratiisissa,"An episode in the life of Nikander, a garbage man, involving the death of a co-worker, an affair and much more.",6.282,/nj01hspawPof0mJmlgfjuLyJuRN.jpg,['FI'],1986-10-17,0,76,['en'],Released,,Shadows in Paradise,False,7.182,269,['Villealfa Filmproductions'],['FI']
False,/c1BaOxC8bo5ACFYkYYxL0bBWRaq.jpg,4000000,"['Crime', 'Comedy']",https://www.miramax.com/movie/four-rooms/,5,tt0113101,en,Four Rooms,It's Ted the Bellhop's first night on the job...and the hotel's very unusual guests are about to place him in some outrageous predicaments. It seems that this evening's room service is serving up one unbelievable happening after another.,18.734,/75aHn1NOYXh4M7L5shoeQ6NGykP.jpg,['US'],1995-12-09,4257354,98,['en'],Released,"Twelve outrageous guests. Four scandalous requests. And one lone bellhop, in his first day on the job, who's in for the wildest New year's Eve of his life.",Four Rooms,False,5.758,2357,"['Miramax', 'A Band Apart']","['US', 'US']"
False,/bGMqHn0H2UY6SPZ5Vch4YJM2jDO.jpg,21000000,"['Action', 'Crime', 'Thriller']",,6,tt0107286,en,Judgment Night,"While racing to a boxing match, Frank, Mike, John and Rey get more than they bargained for. A wrong turn lands them directly in the path of Fallon, a vicious, wise-cracking drug lord. After accidentally witnessing Fallon murder a disloyal henchman, the four become his unwilling prey in a savage game of cat and mouse as they are mercilessly stalked through the urban jungle in this taut suspense drama.",10.797,/3rvvpS9YPM5HB2f4HYiNiJVtdam.jpg,['US'],1993-10-15,12136938,109,['en'],Released,Don't move. Don't whisper. Don't even breathe.,Judgment Night,False,6.6,284,"['Largo Entertainment', 'JVC']","['US', 'JP']"
False,,42000,['Documentary'],http://lifeinloops.com,8,tt0825671,en,Life in Loops (A Megacities RMX),"Timo Novotny labels his new project an experimental music documentary film, in a remix of the celebrated film Megacities (1997), a visually refined essay on the hidden faces of several world ""megacities"" by leading Austrian documentarist Michael Glawogger. Novotny complements 30 % of material taken straight from the film (and re-edited) with 70 % as yet unseen footage in which he blends original shots unused by Glawogger with his own sequences (shot by Megacities cameraman Wolfgang Thaler) from Tokyo. Alongside the Japanese metropolis, Life in Loops takes us right into the atmosphere of Mexico City, New York, Moscow and Bombay. This electrifying combination of fascinating film images and an equally compelling soundtrack from Sofa Surfers sets us off on a stunning audiovisual adventure across the continents. The film also makes an original contribution to the discussion on new trends in documentary filmmaking. Written by KARLOVY VARY IFF 2006",2.281,/x7Sz339F2oC8mBf0DHCQpKizXaL.jpg,['AT'],2006-01-01,0,80,"['en', 'hi', 'ja', 'ru', 'es']",Released,A Megacities remix.,Life in Loops (A Megacities RMX),False,7.708,24,['inLoops'],['']
False,,0,['Drama'],,9,tt0425473,de,Sonntag im August,,1.93,,['DE'],2004-09-02,0,15,['de'],Released,,Sunday in August,False,7.738,21,[],[]
False,/2w4xG178RpB4MDAIfTkqAuSJzec.jpg,11000000,"['Adventure', 'Action', 'Science Fiction']",http://www.starwars.com/films/star-wars-episode-iv-a-new-hope,11,tt0076759,en,Star Wars,Princess Leia is captured and held hostage by the evil Imperial forces in their effort to take over the galactic Empire. Venturesome Luke Skywalker and dashing captain Han Solo team together with the loveable robot duo R2-D2 and C-3PO to rescue the beautiful princess and restore peace and justice in the Empire.,90.988,/6FfCtAuVAW8XJjZ7eWeLibRLWTw.jpg,['US'],1977-05-25,775398007,121,['en'],Released,"A long time ago in a galaxy far, far away...",Star Wars,False,8.208,18582,"['Lucasfilm Ltd.', '20th Century Fox']","['US', 'US']"
False,/yzqaKAhglTrkeOfuIXYYArf0WnA.jpg,94000000,"['Animation', 'Family']",http://movies.disney.com/finding-nemo,12,tt0266543,en,Finding Nemo,"Nemo, an adventurous young clownfish, is unexpectedly taken from his Great Barrier Reef home to a dentist's office aquarium. It's up to his worrisome father Marlin and a friendly but forgetful fish Dory to bring Nemo home -- meeting vegetarian sharks, surfer dude turtles, hypnotic jellyfish, hungry seagulls, and more along the way.",68.898,/5lc6nQc0VhWFYFbNv016xze8Jvy.jpg,['US'],2003-05-30,940335536,100,['en'],Released,There are 3.7 trillion fish in the ocean. They're looking for one.,Finding Nemo,False,7.823,17625,['Pixar'],['US']
False,/3h1JZGDhZ8nzxdgvkxha0qBqi05.jpg,55000000,"['Comedy', 'Drama', 'Romance']",https://www.paramountmovies.com/movies/forrest-gump,13,tt0109830,en,Forrest Gump,"A man with a low IQ has accomplished great things in his life and been present during significant historic events—in each case, far exceeding what anyone imagined he could do. But despite all he has achieved, his one true love eludes him.",52.321,/arw2vcBveWOVZr6pxd9XTd1TdQa.jpg,['US'],1994-06-23,677387716,142,['en'],Released,The world will never be the same once you've seen it through the eyes of Forrest Gump.,Forrest Gump,False,8.481,24593,"['Paramount', 'The Steve Tisch Company', 'Wendy Finerman Productions']","['US', '', '']"
False,/DztBnZaqmla2sGUW9s8AyOmskT.jpg,15000000,['Drama'],,14,tt0169547,en,American Beauty,"Lester Burnham, a depressed suburban father in a mid-life crisis, decides to turn his hectic life around after developing an infatuation with his daughter's attractive friend.",26.384,/wby9315QzVKdW9BonAefg8jGTTb.jpg,['US'],1999-09-15,356296601,122,['en'],Released,Look closer.,American Beauty,False,8.027,10961,"['Jinks/Cohen Company', 'DreamWorks Pictures']","['', 'US']"
False,/ruF3Lmd4A8MHbnEBE6lxPMbsHGL.jpg,839727,"['Mystery', 'Drama']",,15,tt0033467,en,Citizen Kane,"Newspaper magnate, Charles Foster Kane is taken from his mother as a boy and made the ward of a rich industrialist. As a result, every well-meaning, tyrannical or self-destructive move he makes for the rest of his life appears in some way to be a reaction to that deeply wounding event.",19.435,/sav0jxhqiH0bPr2vZFU0Kjt2nZL.jpg,['US'],1941-04-17,23218000,119,['en'],Released,It's terrific!,Citizen Kane,False,8.021,4847,"['Mercury Productions', 'RKO Radio Pictures']","['', 'US']"
False,/ikR2qy9xJCHX7M8i5rcvuNfdYXs.jpg,12800000,"['Drama', 'Crime']",,16,tt0168629,en,Dancer in the Dark,"Selma, a Czech immigrant on the verge of blindness, struggles to make ends meet for herself and her son, who has inherited the same genetic disorder and will suffer the same fate without an expensive operation. When life gets too difficult, Selma learns to cope through her love of musicals, escaping life's troubles - even if just for a moment - by dreaming up little numbers to the rhythmic beats of her surroundings.",13.781,/8Wdd3fQfbbQeoSfWpHrDfaFNhBU.jpg,"['AR', 'DK', 'FI', 'FR', 'DE', 'IS', 'IT', 'NL', 'NO', 'SE', 'GB', 'US']",2000-06-30,40031879,141,['en'],Released,You don't need eyes to see.,Dancer in the Dark,False,7.881,1555,"['Lantia Cinema & Audiovisivi', 'Fine Line Features', 'Zentropa Entertainments', 'DR', 'SVT Drama', 'ARTE', 'Memfis Film', 'France 3 Cinéma', 'Angel films', 'YLE', 'Blind Spot Pictures', 'VPRO', 'Liberator Productions', 'Íslenska kvikmyndasamsteypan', 'Pain Unlimited GmbH Filmproduktion', 'Trust Film Svenska', 'Cinematograph A/S', 'What Else? B.V', 'Filmek A/S', 'Film4 Productions', 'Canal+', 'ARTE France Cinéma', 'Film i Väst', 'TV 1000 Sverige', 'WDR', 'Constantin Film']","['', '', 'DK', 'DK', 'SE', 'FR', 'SE', 'FR', '', 'FI', 'FI', 'NL', 'FR', 'IS', '', '', '', '', '', 'GB', 'FR', 'FR', 'SE', 'SE', 'DE', 'DE']"
False,/dhr0q4eiRr8ltqPig32TwhPRdaD.jpg,0,"['Horror', 'Thriller', 'Mystery']",http://www.whatisannwyn.co.uk/,17,tt0411267,en,The Dark,"In an attempt to pull her family together, Adèlle travels with her young daughter Sarah to Wales to visit her father. The morning after they arrive, Sarah mysteriously vanishes in the ocean. Not long after, a little girl bearing a striking resemblance to their missing daughter reveals that she has retuned from the dead  — and that Sarah has been taken to the Welsh underworld.",7.178,/wZeBHVnCvaS2bwkb8jFQ0PwZwXq.jpg,"['DE', 'GB']",2005-09-28,6593579,87,"['en', 'cy']",Released,One of the living for one of the dead.,The Dark,False,5.815,232,"['Constantin Film', 'Impact Pictures', 'Isle of Man Film', 'UK Film Council']","['DE', 'GB', 'GB', 'GB']"
False,/dwN0kPGrLbFRxyL3F3J3t4ShQx.jpg,90000000,"['Adventure', 'Fantasy', 'Action', 'Thriller', 'Science Fiction']",,18,tt0119116,en,The Fifth Element,"In 2257, a taxi driver is unintentionally given the task of saving a young girl who is part of the key that will ensure the survival of humanity.",46.823,/fPtlCO1yQtnoLHOwKtWz7db6RGU.jpg,"['FR', 'GB']",1997-05-02,263920180,126,"['en', 'sv', 'de']",Released,There is no future without it.,The Fifth Element,False,7.524,9656,"['Gaumont', 'Buena Vista International', 'Columbia Pictures']","['FR', 'US', 'US']"
False,/eeMoFKxjjiCi6iep2GEZtSAMYIr.jpg,1300000,"['Drama', 'Science Fiction']",,19,tt0017136,de,Metropolis,"In a futuristic city sharply divided between the rich and the poor, the son of the city's mastermind meets a prophet who predicts the coming of a savior to mediate their differences.",17.496,/pxbGZewX327IbTvrCVRJgcLJTSQ.jpg,['DE'],1927-02-06,650422,149,['xx'],Released,There can be no understanding between the hands and the brain unless the heart acts as mediator.,Metropolis,False,8.154,2312,['UFA'],['DE']
False,/kZyurQjTMLHalUxs7sHgH5XeiwO.jpg,2500000,"['Drama', 'Romance']",http://www.clubcultura.com/clubcine/clubcineastas/isabelcoixet/mividasinmi/index.htm,20,tt0314412,en,My Life Without Me,A fatally ill mother with only two months to live creates a list of things she wants to do before she dies without telling her family of her illness.,11.068,/sFSkn5rrQqXJkRNa2rMWqzmEuhR.jpg,"['CA', 'ES']",2003-03-07,12300000,106,['en'],Released,,My Life Without Me,False,5.88,403,"['El Deseo', 'Milestone Productions']","['ES', '']"
False,/uNRfK14Ga8Hwfqt07vo8nvWQN1i.jpg,0,['Documentary'],,21,tt0060371,en,The Endless Summer,"Bruce Brown's The Endless Summer is one of the first and most influential surf movies of all time. The film documents American surfers Mike Hynson and Robert August as they travel the world during California’s winter (which, back in 1965 was off-season for surfing) in search of the perfect wave and ultimately, an endless summer.",7.696,/5W5uaqQ7NZTwoDMKO4AtdcahHex.jpg,['US'],1966-06-15,0,91,['en'],Released,The Search for the Perfect Wave!,The Endless Summer,False,7.379,91,['Bruce Brown Films'],['']
False,/uRNgkJSkNBFbbn9fPsEjDIy8Sh3.jpg,140000000,"['Adventure', 'Fantasy', 'Action']",https://movies.disney.com/pirates-of-the-caribbean-the-curse-of-the-black-pearl,22,tt0325980,en,Pirates of the Caribbean: The Curse of the Black Pearl,"Jack Sparrow, a freewheeling 18th-century pirate, quarrels with a rival pirate bent on pillaging Port Royal. When the governor's daughter is kidnapped, Sparrow decides to help the girl's love save her.",88.516,/z8onk7LV9Mmw6zKz4hT6pzzvmvl.jpg,['US'],2003-07-09,655011224,143,['en'],Released,Prepare to be blown out of the water.,Pirates of the Caribbean: The Curse of the Black Pearl,False,7.8,18710,"['Walt Disney Pictures', 'Jerry Bruckheimer Films']","['US', 'US']"
False,/lVy5Zqcty2NfemqKYbVJfdg44rK.jpg,30000000,"['Action', 'Crime']",http://www.miramax.com/movie/kill-bill-volume-1,24,tt0266697,en,Kill Bill: Vol. 1,"An assassin is shot by her ruthless employer, Bill, and other members of their assassination circle – but she lives to plot her vengeance.",31.556,/v7TaX8kXMXs5yFFGR41guUDNcnB.jpg,['US'],2003-10-10,180906076,111,"['en', 'ja', 'fr']",Released,A roaring rampage of revenge.,Kill Bill: Vol. 1,False,7.97,15748,"['Miramax', 'A Band Apart', 'Super Cool ManChu']","['US', 'US', '']"
False,/bQ8fRUaitJvi54O2lUT6Ta7FVHK.jpg,72000000,"['Drama', 'War']",,25,tt0418763,en,Jarhead,"Jarhead is a film about a US Marine Anthony Swofford’s experience in the Gulf War. After putting up with an arduous boot camp, Swofford and his unit are sent to the Persian Gulf where they are eager to fight, but are forced to stay back from the action. Swofford struggles with the possibility of his girlfriend cheating on him, and as his mental state deteriorates, his desire to kill increases.",35.926,/55WJCdayHwoXJwRv3prpqscHt2q.jpg,"['GB', 'US']",2005-11-04,97076152,123,"['en', 'es', 'ar', 'la']",Released,Welcome to the suck.,Jarhead,False,6.606,2523,"['Red Wagon Entertainment', 'Neal Street Productions']","['US', 'GB']"
False,/z5YFbE9VVHwDXbXbqZdoO6THqPs.jpg,1400000,['Drama'],http://www.walkonwatermovie.com,26,tt0352994,he,LaLehet Al HaMayim,"Eyal, an Israeli Mossad agent, is given the mission to track down and kill the very old Alfred Himmelman, an ex-Nazi officer, who might still be alive. Pretending to be a tourist guide, he befriends his grandson Axel, in Israel to visit his sister Pia. The two men set out on a tour of the country, during which Axel challenges Eyal's values.",5.111,/mVWFN3RaBFLuJRtRLPebatX9qPq.jpg,"['IL', 'SE']",2004-02-05,444,103,"['de', 'ar', 'en', 'it', 'tr', 'he']",Released,He was trained to hate until he met the enemy.,Walk on Water,False,6.9,74,"['Lama Films', 'United King Films']","['PS', 'IL']"
False,/qU7tNIMpRqkizIObXfkJY3haTqh.jpg,1000000,"['Drama', 'Music', 'Romance']",,27,tt0411705,en,9 Songs,"Matt, a young glaciologist, soars across the vast, silent, icebound immensities of the South Pole as he recalls his love affair with Lisa. They meet at a mobbed rock concert in a vast music hall - London's Brixton Academy. They are in bed at night's end. Together, over a period of several months, they pursue a mutual sexual passion whose inevitable stages unfold in counterpoint to nine live-concert songs.",25.078,/91O7z0vo7MiNWd5xD2BoivwbQsb.jpg,['GB'],2004-07-16,1574623,69,['en'],Released,"2 lovers, one summer, and the 9 songs that defined them.",9 Songs,False,5.709,440,['Revolution Films'],['GB']
False,/9Qs9oyn4iE8QtQjGZ0Hp2WyYNXT.jpg,31500000,"['Drama', 'War']",http://www.apocalypsenow.com,28,tt0078788,en,Apocalypse Now,"At the height of the Vietnam war, Captain Benjamin Willard is sent on a dangerous mission that, officially, ""does not exist, nor will it ever exist."" His goal is to locate - and eliminate - a mysterious Green Beret Colonel named Walter Kurtz, who has been leading his personal army on illegal guerrilla missions into enemy territory.",31.785,/gQB8Y5RCMkv2zwzFHbUJX3kAhvA.jpg,['US'],1979-08-15,150000000,147,"['km', 'en', 'fr', 'vi']",Released,This is the end...,Apocalypse Now,False,8.281,7199,"['United Artists', 'American Zoetrope']","['US', 'US']"
False,/tZ4SrBztjURQhR0VAmxDE4T7Vto.jpg,14400000,['Western'],,33,tt0105695,en,Unforgiven,"William Munny is a retired, once-ruthless killer turned gentle widower and hog farmer. To help support his two motherless children, he accepts one last bounty-hunter mission to find the men who brutalized a prostitute. Joined by his former partner and a cocky greenhorn, he takes on a corrupt sheriff.",23.539,/yKyLJmRAtyXEEYKOvPhKHXIcPq9.jpg,['US'],1992-08-07,159157447,130,['en'],Released,Some legends will never be forgotten. Some wrongs can never be forgiven.,Unforgiven,False,7.923,3798,"['Warner Bros. Pictures', 'Malpaso Productions']","['US', 'US']"
False,/yajM2akz8QKOx0RdvN6OYaxe3GN.jpg,75000000,"['Animation', 'Comedy', 'Family']",http://www.simpsonsmovie.com/,35,tt0462538,en,The Simpsons Movie,"After Homer accidentally pollutes the town's water supply, Springfield is encased in a gigantic dome by the EPA and the Simpsons are declared fugitives.",62.957,/s3b8TZWwmkYc2KoJ5zk77qB6PzY.jpg,['US'],2007-07-25,527068851,87,['en'],Released,See our family. And feel better about yours.,The Simpsons Movie,False,6.991,7230,"['Gracie Films', 'Film Roman', '20th Century Fox Animation', 'The Curiosity Company', '20th Century Fox']","['US', 'US', 'US', 'US', 'US']"
False,/8AE7M2lMsyvowfT36porzGtmOtI.jpg,20000000,"['Science Fiction', 'Drama', 'Romance']",http://www.eternalsunshine.com,38,tt0338013,en,Eternal Sunshine of the Spotless Mind,"Joel Barish, heartbroken that his girlfriend underwent a procedure to erase him from her memory, decides to do the same. However, as he watches his memories of her fade away, he realises that he still loves her, and may be too late to correct his mistake.",38.399,/5MwkWH9tYHv3mV9OdYTMR5qreIz.jpg,['US'],2004-03-19,72258126,108,['en'],Released,You can erase someone from your mind. Getting them out of your heart is another story.,Eternal Sunshine of the Spotless Mind,False,8.101,13321,"['Focus Features', 'Anonymous Content', 'This Is That Productions']","['US', 'US', 'US']"
False,/3YzVtvNERQOIJXnrcWv3xhj5EMT.jpg,2000000,"['Drama', 'Thriller']",,55,tt0245712,es,Amores perros,"A fatalistic car crash in Mexico city sets off a chain of events in the lives of three people: a supermodel, a young man wanting to run off with his sister-in-law, and a homeless man. Their lives are catapulted into unforeseen situations instigated by the seemingly inconsequential destiny of a dog.",20.236,/vV4vlD4ool5JSsS1rB82qjCF6z8.jpg,['MX'],2000-06-16,20908467,154,['es'],Released,Love. Betrayal. Death.,Amores Perros,False,7.623,2244,"['Altavista Films', 'Zeta Film (MX)']","['MX', 'MX']"
False,/vv5a8u6e40kyH0Hp6HuamAgzRai.jpg,200000000,"['Adventure', 'Fantasy', 'Action']",https://movies.disney.com/pirates-of-the-caribbean-dead-mans-chest,58,tt0383574,en,Pirates of the Caribbean: Dead Man's Chest,Captain Jack Sparrow works his way out of a blood debt with the ghostly Davy Jones to avoid eternal damnation.,71.717,/uXEqmloGyP7UXAiphJUu2v2pcuE.jpg,['US'],2006-07-06,1065659812,151,"['en', 'tr', 'el', 'zh']",Released,Captain Jack is back!,Pirates of the Caribbean: Dead Man's Chest,False,7.34,14465,"['Walt Disney Pictures', 'Jerry Bruckheimer Films', 'Second Mate Productions']","['US', 'US', 'US']"
False,/5EEdDTV0IBxJ2J4jDUDvl076v7f.jpg,32000000,"['Drama', 'Thriller', 'Crime']",,59,tt0399146,en,A History of Violence,An average family is thrust into the spotlight after the father commits a seemingly self-defense murder at his diner.,14.801,/A26rcvipOqptVs7i5uRmKicXRxE.jpg,"['CA', 'DE', 'US']",2005-09-23,60740827,96,['en'],Released,Tom Stall had the perfect life … until he became a hero.,A History of Violence,False,7.179,2798,"['New Line Cinema', 'BenderSpink']","['US', '']"
False,/kCEXA22ASuq7Y29jnngyaisyA0X.jpg,12000000,"['Science Fiction', 'Mystery', 'Adventure']",http://2001spaceodysseymovie.com,62,tt0062622,en,2001: A Space Odyssey,"Humanity finds a mysterious object buried beneath the lunar surface and sets off to find its origins with the help of HAL 9000, the world's most advanced super computer.",36.792,/ve72VxNqjGM69Uky4WTo2bK6rfq.jpg,"['GB', 'US']",1968-04-02,71923560,149,"['en', 'ru']",Released,The Ultimate Trip.,2001: A Space Odyssey,False,8.085,10187,"['Stanley Kubrick Productions', 'Metro-Goldwyn-Mayer']","['GB', 'US']"
False,/1IWaKG7AWiYMhADxhGtnElDJAGI.jpg,29000000,"['Science Fiction', 'Thriller', 'Mystery']",,63,tt0114746,en,Twelve Monkeys,"In the year 2035, convict James Cole reluctantly volunteers to be sent back in time to discover the origin of a deadly virus that wiped out nearly all of the earth's population and forced the survivors into underground communities. But when Cole is mistakenly sent to 1990 instead of 1996, he's arrested and locked up in a mental hospital. There he meets psychiatrist Dr. Kathryn Railly, and patient Jeffrey Goines, the son of a famous virus expert, who may hold the key to the mysterious rogue group, the Army of the 12 Monkeys, thought to be responsible for unleashing the killer disease.",29.184,/gt3iyguaCIw8DpQZI1LIN5TohM2.jpg,['US'],1995-12-29,168841459,129,"['en', 'fr']",Released,The future is history.,Twelve Monkeys,False,7.596,7444,"['Universal Pictures', 'Atlas Entertainment', 'Classico']","['US', 'US', '']"
False,/9aCRXFWT1rd1nZDcEtWILKb2Sap.jpg,0,"['Drama', 'Romance']",,64,tt0287467,es,Hable con ella,Two men share an odd friendship while they care for two women who are both in deep comas.,10.86,/p8ilqBhIT5YnKOf6hBPEVPc8uGS.jpg,"['ES', 'US']",2002-03-15,64803131,112,['es'],Released,,Talk to Her,False,7.6,1114,"['Vía Digital', 'Good Machine', 'El Deseo', 'Atresmedia', 'Sony Pictures Classics', 'Warner Bros. Entertainment España']","['ES', 'US', 'ES', 'ES', 'US', 'ES']"
False,/bfccQmQWNFQYRv4PHgCnjDu7PXn.jpg,41000000,"['Drama', 'Music']",https://www.uphe.com/movies/8-mile,65,tt0298203,en,8 Mile,"For Jimmy Smith, Jr., life is a daily fight just to keep hope alive. Feeding his dreams in Detroit's vibrant music scene, Jimmy wages an extraordinary personal struggle to find his own voice - and earn a place in a world where rhymes rule, legends are born and every moment… is another chance.",31.116,/7BmQj8qE1FLuLTf7Xjf9sdIHzoa.jpg,"['DE', 'US']",2002-11-08,242875078,111,['en'],Released,Every Moment Is Another Chance,8 Mile,False,7.126,6465,"['Mikona Productions GmbH & Co. KG', 'Imagine Entertainment']","['DE', 'US']"
False,/n7U0FEirHej1yQIy2mAzDtF9wBz.jpg,50000000,"['Crime', 'Drama', 'Action']",,66,tt0118548,en,Absolute Power,"A master thief coincidentally is robbing a house where a murder—in which the President of The United States is involved—occurs in front of his eyes. He is forced to run, while holding evidence that could convict the President.",12.155,/xX9gmwtnTi0Y8WcTF7Jsg9Hdp6W.jpg,['US'],1997-02-14,50068310,121,"['en', 'es']",Released,Corrupts Absolutely.,Absolute Power,False,6.642,912,"['Castle Rock Entertainment', 'Malpaso Productions']","['US', 'US']"
False,/pIESejTZpHXvc6SF0LuQWpJIUD2.jpg,2000000,"['Thriller', 'Crime', 'Drama']",http://wip.warnerbros.com/paradisenow/,67,tt0445620,en,Paradise Now,Two childhood friends are recruited for a suicide bombing in Tel Aviv.,7.4,/qWZkYa8VdcDZk8uzRB2PfhpM9IL.jpg,"['FR', 'DE', 'NL', 'PS']",2005-09-07,3395627,90,"['ar', 'en']",Released,"From the most unexpected place, come a new call for peace",Paradise Now,False,6.941,219,"['Eurimages', 'Lama Films', 'Augustus Film', 'Lama Productions', 'Lumer Films', 'Filmstiftung Nordrhein-Westfalen', 'Razor Film Produktion', 'Nederlands Fonds voor de Film', 'ARTE France Cinéma', 'Medienboard Berlin-Brandenburg', 'Hazazah Pictures']","['FR', 'PS', '', '', '', 'DE', 'DE', 'NL', 'FR', 'DE', 'NL']"
False,/ziRWOYnl6e2JUaHYmFLR1kfcECM.jpg,15000000,"['Comedy', 'Science Fiction']",,68,tt0088846,en,Brazil,"Low-level bureaucrat Sam Lowry escapes the monotony of his day-to-day life through a recurring daydream of himself as a virtuous hero saving a beautiful damsel. Investigating a case that led to the wrongful arrest and eventual death of an innocent man instead of wanted terrorist Harry Tuttle, he meets the woman from his daydream, and in trying to help her gets caught in a web of mistaken identities, mindless bureaucracy and lies.",14.861,/d0PibPzCK4fVikjoD1PqHovbvkt.jpg,"['GB', 'US']",1985-02-20,9900000,143,['en'],Released,It's only a state of mind.,Brazil,False,7.683,2915,['Embassy International Pictures'],['US']
False,/pMBKzEotLUzk3NuQiyVjZEDlH70.jpg,28000000,"['Drama', 'Music', 'Romance']",,69,tt0358273,en,Walk the Line,"A chronicle of country music legend Johnny Cash's life, from his early days on an Arkansas cotton farm to his rise to fame with Sun Records in Memphis, where he recorded alongside Elvis Presley, Jerry Lee Lewis and Carl Perkins.",17.114,/p8lPTjvjOjTfvC1E9pmMwcF9vkn.jpg,"['DE', 'US']",2005-09-13,186797986,136,"['en', 'ru']",Released,Love is a burning thing.,Walk the Line,False,7.491,2547,"['Mars Media Beteiligungs', 'Tree Line Films', 'Konrad Pictures', 'Catfish Productions', 'Fox 2000 Pictures']","['', 'US', '', 'US', 'US']"
False,/oGMomeS7bE43eN8SGJUaKvQnmud.jpg,30000000,['Drama'],http://www.milliondollarbaby-derfilm.de/,70,tt0405159,en,Million Dollar Baby,"Despondent over a painful estrangement from his daughter, trainer Frankie Dunn isn't prepared for boxer Maggie Fitzgerald to enter his life. But Maggie's determined to go pro and to convince Dunn and his cohort to help her.",22.596,/2ti3l1OeB8G94yyqfAI7nmMZUbA.jpg,['US'],2004-12-15,216763646,132,"['ga', 'en']",Released,"Beyond his silence, there is a past. Beyond her dreams, there is a feeling. Beyond hope, there is a memory. Beyond their journey, there is a love.",Million Dollar Baby,False,7.962,8620,"['Lakeshore Entertainment', 'Malpaso Productions', 'Epsilon Motion Pictures', 'Albert S. Ruddy Productions', 'Warner Bros. Pictures']","['US', 'US', 'CH', '', 'US']"
False,/9B4198IzCI0POkUIVu5yQ2s7Pzr.jpg,5000000,"['Drama', 'Comedy', 'Music']",,71,tt0249462,en,Billy Elliot,County Durham England 1984 the miners strike has started and the police have started coming up from Bethnal Green starting a class war with the lower classes suffering caught in the middle of the conflict is 11-year old Billy Elliot who after leaving his boxing club for the day stubbles upon a ballet class and finds out that he's naturally talented. He practices with his teacher Mrs Wilkinson for an upcoming audition in Newcastle-upon Tyne the audition is for the royal Ballet school in London.,17.844,/nOr5diUZxphmAD3li9aiILyI28F.jpg,"['FR', 'GB', 'US']",2000-09-28,109280263,110,['en'],Released,Inside every one of us is a special talent waiting to come out. The trick is finding it.,Billy Elliot,False,7.6,3471,"['StudioCanal', 'BBC Film', 'Tiger Aspect Productions', 'Arts Council of England', 'Working Title Films', 'WT2 Productions', 'Focus Features', 'Universal Pictures']","['FR', 'GB', 'GB', 'GB', 'GB', '', 'US', 'US']"
False,/9LSsSPbP715XT9B7acIZzantPyX.jpg,20000000,['Drama'],,73,tt0120586,en,American History X,"Derek Vineyard is paroled after serving 3 years in prison for killing two African-American men. Through his brother, Danny Vineyard's narration, we learn that before going to prison, Derek was a skinhead and the leader of a violent white supremacist gang that committed acts of racial crime throughout L.A. and his actions greatly influenced Danny. Reformed and fresh out of prison, Derek severs contact with the gang and becomes determined to keep Danny from going down the same violent path as he did.",29.474,/c2gsmSQ2Cqv8zosqKOCwRS0GFBS.jpg,['US'],1998-07-01,23875127,119,['en'],Released,Some Legacies Must End.,American History X,False,8.355,10370,"['New Line Cinema', 'Savoy Pictures', 'The Turman-Morrissey Company']","['US', '', '']"
False,/nH6hPhJq3EEv9CnBZgXU3IQnpJo.jpg,132000000,"['Adventure', 'Thriller', 'Science Fiction']",https://amblin.com/movie/war-of-the-worlds/,74,tt0407304,en,War of the Worlds,"Ray Ferrier is a divorced dockworker and less-than-perfect father. Soon after his ex-wife and her new husband drop off his teenage son and young daughter for a rare weekend visit, a strange and powerful lightning storm touches down.",48.018,/6Biy7R9LfumYshur3YKhpj56MpB.jpg,['US'],2005-06-28,603873119,117,['en'],Released,They're already here.,War of the Worlds,False,6.493,7481,"['Paramount', 'Amblin Entertainment', 'Cruise/Wagner Productions', 'DreamWorks Pictures']","['US', 'US', 'US', 'US']"
False,/ELsTifJ2lu4vsMhoHeZ5EnncHw.jpg,70000000,"['Comedy', 'Fantasy', 'Science Fiction']",https://www.warnerbros.com/movies/mars-attacks/,75,tt0116996,en,Mars Attacks!,"A fleet of Martian spacecraft surrounds the world's major cities and all of humanity waits to see if the extraterrestrial visitors have, as they claim, ""come in peace."" U.S. President James Dale receives assurance from science professor Donald Kessler that the Martians' mission is a friendly one. But when a peaceful exchange ends in the total annihilation of the U.S. Congress, military men call for a full-scale nuclear retaliation.",21.051,/hll4O5vSAfnZDb6JbnP06GPtz7b.jpg,['US'],1996-12-12,101371017,106,"['en', 'fr']",Released,Nice planet. We'll take it!,Mars Attacks!,False,6.394,4864,"['Tim Burton Productions', 'Warner Bros. Pictures']","['', 'US']"
False,/qA2TyqPldTtoTVY3LKrNIG5g6bH.jpg,2500000,"['Drama', 'Romance']",https://www.warnerbros.com/movies/sunrise,76,tt0112471,en,Before Sunrise,"A young man and woman meet on a train in Europe, and wind up spending one evening together in Vienna. Unfortunately, both know that this will probably be their only night together.",22.325,/kf1Jb1c2JAOqjuzA3H4oDM263uB.jpg,"['AT', 'CH', 'US']",1995-01-27,5987386,101,"['en', 'de', 'fr']",Released,Can the greatest romance of your life last only one night?,Before Sunrise,False,7.968,3547,"['Castle Rock Entertainment', 'Filmhaus Films', 'Detour Filmproduction']","['US', 'AT', 'US']"
False,/q2CtXYjp9IlnfBcPktNkBPsuAEO.jpg,9000000,"['Mystery', 'Thriller']",,77,tt0209144,en,Memento,"Leonard Shelby is tracking down the man who raped and murdered his wife. The difficulty of locating his wife's killer, however, is compounded by the fact that he suffers from a rare, untreatable form of short-term memory loss. Although he can recall details of life before his accident, Leonard cannot remember what happened fifteen minutes ago, where he's going, or why.",26.159,/yuNs09hvpHVU1cBTCAk9zxsL2oW.jpg,['US'],2000-10-11,39723096,113,['en'],Released,Some memories are best forgotten.,Memento,False,8.19,13260,"['Summit Entertainment', 'Newmarket Capital Group', 'Team Todd', 'I Remember Productions']","['US', 'US', '', '']"
False,/eIi3klFf7mp3oL5EEF4mLIDs26r.jpg,28000000,"['Science Fiction', 'Drama', 'Thriller']",http://www.warnerbros.com/blade-runner,78,tt0083658,en,Blade Runner,"In the smog-choked dystopian Los Angeles of 2019, blade runner Rick Deckard is called out of retirement to terminate a quartet of replicants who have escaped to Earth seeking their creator for a way to extend their short life spans.",44.364,/63N9uy8nd9j7Eog2axPQ8lbr3Wj.jpg,"['US', 'HK', 'GB']",1982-06-25,41722424,118,"['en', 'de', 'cn', 'ja', 'hu']",Released,Man has made his match... now it's his problem.,Blade Runner,False,7.934,12371,"['Shaw Brothers', 'The Ladd Company', 'Warner Bros. Pictures']","['HK', 'US', 'US']"
False,/jDz6RYN3nKYtlo7J9IMvGoJit7B.jpg,31000000,"['Drama', 'Adventure', 'Action', 'History']",,79,tt0299977,zh,英雄,One man defeated three assassins who sought to murder the most powerful warlord in pre-unified China.,18.519,/vxgZto2Cz7ILHAlmRXt50I2brB2.jpg,['CN'],2002-07-22,177394432,99,['zh'],Released,One man's strength will unite an empire.,Hero,False,7.507,1950,"['Beijing New Picture Film Co. Ltd.', 'China Film Co-Production Corporation', 'Miramax']","['', '', 'US']"
False,/zwgDZw9dyrgkYz2RCOb2HvUDlt2.jpg,2700000,"['Drama', 'Romance']",https://www.warnerbros.com/movies/sunset,80,tt0381681,en,Before Sunset,"Nine years later, Jesse travels across Europe giving readings from a book he wrote about the night he spent in Vienna with Celine. After his reading in Paris, Celine finds him, and they spend part of the day together before Jesse has to again leave for a flight. They are both in relationships now, and Jesse has a son, but as their strong feelings for each other start to return, both confess a longing for more.",16.184,/gycdE1ARByGQcK4fYR2mgpU6OO.jpg,['US'],2004-02-10,15992615,80,"['en', 'fr']",Released,What if you had a second chance with the one that got away?,Before Sunset,False,7.818,2943,"['Warner Independent Pictures (WIP)', 'Castle Rock Entertainment', 'Detour Filmproduction']","['US', 'US', 'US']"
False,/ulVUa2MvnJAjAeRt7h23FFJVRKH.jpg,1000000,"['Adventure', 'Animation', 'Fantasy']",https://movies.disney.com/nausicaa-of-the-valley-of-the-wind,81,tt0087544,ja,風の谷のナウシカ,"After a global war, the seaside kingdom known as the Valley of the Wind remains one of the last strongholds on Earth untouched by a poisonous jungle and the powerful insects that guard it. Led by the courageous Princess Nausicaä, the people of the Valley engage in an epic struggle to restore the bond between humanity and Earth.",27.757,/tcrkfB8SRPQCgwI88hQScua6nxh.jpg,['JP'],1984-03-11,3301446,117,['ja'],Released,A young girl's love called forth miracles…,Nausicaä of the Valley of the Wind,False,7.932,3037,['Topcraft'],['JP']
False,/lV2UQv1qmiZA0tWsVjgFLD6z2uG.jpg,135000000,"['Action', 'Crime', 'Thriller']",,82,tt0430357,en,Miami Vice,"A case involving drug lords and murder in South Florida takes a personal turn for undercover detectives Sonny Crockett and Ricardo Tubbs. Unorthodox Crockett gets involved romantically with the Chinese-Cuban wife of a trafficker of arms and drugs, while Tubbs deals with an assault on those he loves.",16.891,/1KGD2g0wOc7WBfHc5G19reLHQxk.jpg,"['UY', 'US', 'DE', 'PY']",2006-07-27,163794509,132,"['en', 'es']",Released,No Law. No Rules. No Order.,Miami Vice,False,5.982,1527,"['Metropolis Films', 'Universal Pictures', 'Forward Pass', 'Motion Picture ETA Produktionsgesellschaft', 'Foqus Arte Digital', 'Michael Mann Productions']","['UY', 'US', 'US', '', 'PY', '']"
False,/58BUQzjN6TH0bLe6JEfgMbHc55u.jpg,130000,"['Drama', 'Thriller', 'Horror']",,83,tt0374102,en,Open Water,"Two divers are left out at sea without a boat. There’s nothing but water for miles, unless they look at what’s underneath them...",13.762,/pjLh97W1J8AdcuKWzqqdKHfYmp5.jpg,['US'],2003-10-26,54667954,79,['en'],Released,Scream all you want.,Open Water,False,5.512,941,['Plunge Pictures LLC'],['']
False,/c7Mjuip0jfHLY7x8ZSEriRj45cu.jpg,18000000,"['Adventure', 'Action']",http://www.indianajones.com,85,tt0082971,en,Raiders of the Lost Ark,"When Dr. Indiana Jones – the tweed-suited professor who just happens to be a celebrated archaeologist – is hired by the government to locate the legendary Ark of the Covenant, he finds himself up against the entire Nazi regime.",41.684,/ceG9VzoRAVGwivFU403Wc3AHRys.jpg,['US'],1981-06-12,389925971,115,"['en', 'es', 'de', 'he', 'ar', 'ne']",Released,Indiana Jones - the new hero from the creators of JAWS and STAR WARS.,Raiders of the Lost Ark,False,7.922,10930,"['Paramount', 'Lucasfilm Ltd.']","['US', 'US']"
False,/60PJPzXtQmLQdaCNuWUrrHe1mzu.jpg,6000000,"['Drama', 'Romance']",http://www.elementarteilchen.film.de/,86,tt0430051,de,Elementarteilchen,"Based on Michel Houellebecq's controversial novel, Atomised (aka The Elementary Particles) focuses on Michael and Bruno, two very different half-brothers and their disturbed sexuality.  After a chaotic childhood with a hippie mother only caring for her affairs, Michael, a molecular biologist, is more interested in genes than women, while Bruno is obsessed with his sexual desires, but mostly finds his satisfaction with prostitutes.  But Bruno's life changes when he gets to know the experienced Christiane.  In the meantime, Michael meets Annabelle, the love of his youth, again.",7.096,/wpGpR7GewyApPgqPvuWadBAfmFc.jpg,['DE'],2006-02-10,0,105,"['en', 'de']",Released,,The Elementary Particles,False,6.209,117,"['Moovie', 'Medienfonds German Film Productions GmbH & Co. KG', 'Constantin Film', 'ARD']","['DE', 'DE', 'DE', 'DE']"
False,/iO73omOyLwUPW22EpaZkJNC72ec.jpg,28000000,"['Adventure', 'Action']",http://www.indianajones.com,87,tt0087469,en,Indiana Jones and the Temple of Doom,"After arriving in India, Indiana Jones is asked by a desperate village to find a mystical stone. He agrees – and stumbles upon a secret cult plotting a terrible plan in the catacombs of an ancient palace.",30.07,/n9WlJCilqSZ3m1ROSzv31v7KVOf.jpg,['US'],1984-05-23,333000000,118,"['zh', 'en', 'si']",Released,If adventure has a name... it must be Indiana Jones.,Indiana Jones and the Temple of Doom,False,7.297,8057,"['Paramount', 'Lucasfilm Ltd.']","['US', 'US']"
False,/6iDQCBUSZKzY8Rnu8ECwl2gXcfG.jpg,6000000,"['Drama', 'Music', 'Romance']",http://lionsgateathome.com/dirty-dancing,88,tt0092890,en,Dirty Dancing,"Expecting the usual tedium that accompanies a summer in the Catskills with her family, 17-year-old Frances 'Baby' Houseman is surprised to find herself stepping into the shoes of a professional hoofer—and unexpectedly falling in love.",27.214,/9Jw6jys7q9gjzVX5zm1z0gC8gY9.jpg,['US'],1987-08-21,214577242,100,['en'],Released,Have the time of your life.,Dirty Dancing,False,7.347,5489,"['Great American Films Limited Partnership', 'Vestron Pictures']","['', 'US']"
False,/12fvZHskx57kQfNEUXJ3v0flWYQ.jpg,48000000,"['Adventure', 'Action']",http://www.indianajones.com/crusade,89,tt0097576,en,Indiana Jones and the Last Crusade,"In 1938, an art collector appeals to eminent archaeologist Dr. Indiana Jones to embark on a search for the Holy Grail. Indy learns that a medieval historian has vanished while searching for it, and the missing man is his own father, Dr. Henry Jones Sr.. He sets out to rescue his father by following clues in the old man's notebook, which his father had mailed to him before he went missing. Indy arrives in Venice, where he enlists the help of a beautiful academic, Dr. Elsa Schneider, along with Marcus Brody and Sallah. Together they must stop the Nazis from recovering the power of eternal life and taking over the world!",39.663,/sizg1AU8f8JDZX4QIgE4pjUMBvx.jpg,['US'],1989-05-24,474171806,127,"['ar', 'en', 'de', 'el']",Released,"The man with the hat is back. And this time, he's bringing his Dad.",Indiana Jones and the Last Crusade,False,7.839,8841,"['Paramount', 'Lucasfilm Ltd.']","['US', 'US']"
False,/tKi5HYDSuxP4I26fxyF2UVvAtLa.jpg,14000000,"['Action', 'Comedy', 'Crime']",https://www.paramount.com/movies/beverly-hills-cop,90,tt0086960,en,Beverly Hills Cop,A freewheeling Detroit cop pursuing a murder investigation finds himself dealing with the very different culture of Beverly Hills.,19.139,/eBJEvKkhQ0tUt1dBAcTEYW6kCle.jpg,['US'],1984-12-05,316360478,105,['en'],Released,The Heat Is On!,Beverly Hills Cop,False,7.185,3516,"['Paramount', 'Eddie Murphy Productions', 'Don Simpson/Jerry Bruckheimer Films']","['US', 'US', 'US']"
False,/aaRbO3m3L3yVg2L73QLYvgP23hj.jpg,0,['Documentary'],,91,tt0023037,es,Las Hurdes,"An exploration —manipulated and staged— of life in Las Hurdes, in the province of Cáceres, in Extremadura, Spain, as it was in 1932. Insalubrity, misery and lack of opportunities provoke the emigration of young people and the solitude of those who remain in the desolation of one of the poorest and least developed Spanish regions at that time. (Silent short, voiced in 1937 and 1996.)",7.266,/iQM715v277SIw66Y1bJ1KiK5WNx.jpg,"['FR', 'ES']",1933-12-01,0,29,"['fr', 'xx']",Released,,Land Without Bread,False,7.091,132,['Ramón Acín'],['']
False,,0,['Documentary'],,92,tt0169024,en,Megacities,Megacities is a documentary about the slums of five different metropolitan cities.,2.401,/qO48XLCG58cICOgAR57ao0PrJ6A.jpg,"['AT', 'CH']",1998-08-12,0,94,"['es', 'hi', 'en', 'ru']",Released,,Megacities,False,6.9,17,"['Lotus-Film', 'Fama Film AG']","['AT', '']"
False,/jtCNu6f3MCFuEQ4cyHcNdI1QUjI.jpg,2000000,"['Crime', 'Drama', 'Mystery']",,93,tt0052561,en,Anatomy of a Murder,"Semi-retired Michigan lawyer Paul Biegler takes the case of Army Lt. Manion, who murdered a local innkeeper after his wife claimed that he raped her. Over the course of an extensive trial, Biegler parries with District Attorney Lodwick and out-of-town prosecutor Claude Dancer to set his client free, but his case rests on the victim's mysterious business partner, who's hiding a dark secret.",16.088,/zMxLbSPpToTCc6yK2Gddhx6nHNN.jpg,['US'],1959-07-01,8000000,161,['en'],Released,"No search of human emotions has ever probed so deeply, so truthfully as… Anatomy of a Murder.",Anatomy of a Murder,False,7.838,807,['Columbia Pictures'],['US']
False,,0,['Comedy'],,94,tt0436488,de,Kunstgriff,Kunstgriff is a brilliantly filmed black and white short film. Andre F. Nebe gives proof of his storytelling abilities in this 6 minute film.,0.6,/82CFTXepfmETr2C4n7ZlrpLyjAx.jpg,['DE'],2002-01-01,0,6,['xx'],Released,,Kunstgriff,False,8.5,2,['Hamburger Filmschule'],['DE']
False,/sODk4VuMTt8S56zYFOr1Kx8BFqu.jpg,140000000,"['Action', 'Thriller', 'Science Fiction', 'Adventure']",,95,tt0120591,en,Armageddon,"When an asteroid threatens to collide with Earth, NASA honcho Dan Truman determines the only way to stop it is to drill into its surface and detonate a nuclear bomb. This leads him to renowned driller Harry Stamper, who agrees to helm the dangerous space mission provided he can bring along his own hotshot crew. Among them is the cocksure A.J. who Harry thinks isn't good enough for his daughter, until the mission proves otherwise.",32.381,/eTM3qtGhDU8cvjpoa6KEt5E2auU.jpg,['US'],1998-07-01,553799566,151,"['en', 'ru']",Released,The Earth's Darkest Day Will Be Man's Finest Hour,Armageddon,False,6.824,7108,"['Touchstone Pictures', 'Jerry Bruckheimer Films', 'Valhalla Motion Pictures']","['US', 'US', 'US']"
False,/bIA65PCRtIQfBvIoKohJbtOPl3M.jpg,28000000,"['Action', 'Comedy', 'Crime']",https://www.paramount.com/movies/beverly-hills-cop-ii,96,tt0092644,en,Beverly Hills Cop II,"Axel heads for the land of sunshine and palm trees to find out who shot police Captain Andrew Bogomil. Thanks to a couple of old friends, Axel's investigation uncovers a series of robberies masterminded by a heartless weapons kingpin—and the chase is on.",19.05,/egDakU8O5yUwpUJP9IMAUVtIDll.jpg,['US'],1987-05-18,299965036,103,['en'],Released,The Heat's Back On!,Beverly Hills Cop II,False,6.467,2068,"['Eddie Murphy Productions', 'Paramount', 'Don Simpson/Jerry Bruckheimer Films']","['US', 'US', 'US']"
False,/vUmeBHiGp5r2ydd8aEvbNLamTVD.jpg,17000000,"['Science Fiction', 'Action', 'Adventure']",https://movies.disney.com/tron,97,tt0084827,en,Tron,"When brilliant video game maker Flynn hacks the mainframe of his ex-employer, he is beamed inside an astonishing digital world...and becomes part of the very game he is designing. In his mission through cyberspace, Flynn matches wits with a maniacal Master Control Program and teams up with Tron, a security measure created to bring balance to the digital environment.",22.122,/zwSFEczP7AzqugAHHIX3zHniT0t.jpg,['US'],1982-07-09,33000000,96,['en'],Released,A world inside the computer where man has never been. Until now.,Tron,False,6.678,1965,"['Lisberger/Kushner Productions', 'Walt Disney Productions']","['', 'US']"
False,/3ZVEtQxVPpEp5LNpAULDcxadTU3.jpg,103000000,"['Action', 'Drama', 'Adventure']",,98,tt0172495,en,Gladiator,"In the year 180, the death of emperor Marcus Aurelius throws the Roman Empire into chaos.  Maximus is one of the Roman army's most capable and trusted generals and a key advisor to the emperor.  As Marcus' devious son Commodus ascends to the throne, Maximus is set to be executed.  He escapes, but is captured by slave traders.  Renamed Spaniard and forced to become a gladiator, Maximus must battle to the death with other men for the amusement of paying audiences.",50.781,/ty8TGRuvJLPUmAR1H1nRIsgwvim.jpg,"['GB', 'US']",2000-05-04,465361176,155,['en'],Released,A hero will rise.,Gladiator,False,8.206,16412,"['Universal Pictures', 'Scott Free Productions', 'Red Wagon Entertainment', 'Mill Film', 'C & L', 'Dawliz', 'DreamWorks Pictures']","['US', 'GB', 'US', 'GB', 'MT', 'MA', 'US']"
False,/tilClWjFZeUTGJu0pxgF72fvUmN.jpg,8272296,"['Comedy', 'Drama']",,99,tt0185125,es,Todo sobre mi madre,"Following the tragic death of her teenage son, Manuela travels from Madrid to Barcelona in an attempt to contact the long-estranged father the boy never knew. She reunites with an old friend, an outspoken transgender sex worker, and befriends a troubled actress and a pregnant, HIV-positive nun.",12.01,/hjQhzhkGYXPNM96k0mOgob6HMmn.jpg,"['ES', 'FR']",1999-04-16,67872296,101,"['ca', 'es']",Released,Part of every woman is a mother/actress/saint/sinner. And part of every man is a woman.,All About My Mother,False,7.663,1627,"['Renn Productions', 'France 2 Cinéma', 'El Deseo', 'Vía Digital', 'Canal+']","['FR', 'FR', 'ES', 'ES', 'FR']"
False,/cXQH2u7wUIX1eoIdEj51kHXoWhX.jpg,1350000,"['Comedy', 'Crime']",http://www.universalstudiosentertainment.com/lock-stock-and-two-smoking-barrels/,100,tt0120735,en,"Lock, Stock and Two Smoking Barrels",A card shark and his unwillingly-enlisted friends need to make a lot of cash quick after losing a sketchy poker match. To do this they decide to pull a heist on a small-time gang who happen to be operating out of the flat next door.,9.471,/8kSerJrhrJWKLk1LViesGcnrUPE.jpg,"['GB', 'US']",1998-08-28,28356188,105,['en'],Released,A Disgrace to Criminals Everywhere.,"Lock, Stock and Two Smoking Barrels",False,8.133,5901,"['Summit Entertainment', 'The Steve Tisch Company', 'SKA Films', 'PolyGram Filmed Entertainment', 'HandMade Films']","['US', '', 'GB', 'US', 'GB']"
False,/jRJrQ72VLyEnVsvwfep8Xjlvu8c.jpg,16000000,"['Crime', 'Drama', 'Action']",,101,tt0110413,en,Léon: The Professional,"Léon, the top hit man in New York, has earned a rep as an effective ""cleaner"". But when his next-door neighbors are wiped out by a loose-cannon DEA agent, he becomes the unwilling custodian of 12-year-old Mathilda. Before long, Mathilda's thoughts turn to revenge, and she considers following in Léon's footsteps.",44.701,/yI6X2cCM5YPJtxMhUd3dPGqDAhw.jpg,"['US', 'FR']",1994-09-14,45284974,111,"['en', 'fr', 'it']",Released,"If you want a job done well, hire a professional.",Léon: The Professional,False,8.3,13202,"['Gaumont', 'Les Films du Dauphin']","['FR', 'FR']"
False,/1pRNzOM7OQA29cVayaCheBI4vn7.jpg,0,"['Drama', 'Romance']",,102,tt0315543,da,Elsker dig for evigt,"Cecilie and Joachim are about to get married when a freak car accident leaves Joachim disabled, throwing their lives into a spin. The driver of the other car, Marie, and her family don’t get off lightly, either. Her husband Niels works in the hospital where he meets Cecilie and falls madly in love with her.",6.906,/hOrV2fCw2kmSiS4ZMGFPfXqr3lt.jpg,['DK'],2002-09-06,0,113,['da'],Released,,Open Hearts,False,6.8,85,"['Zentropa Entertainments', 'Det Danske Filminstitut']","['DK', 'DK']"
False,/orjyEE9ZcMefTsN8zT5ryQTdkIz.jpg,1300000,"['Crime', 'Drama']",,103,tt0075314,en,Taxi Driver,A mentally unstable Vietnam War veteran works as a night-time taxi driver in New York City where the perceived decadence and sleaze feed his urge for violent action.,42.318,/ekstpH614fwDX8DUln1a2Opz0N8.jpg,['US'],1976-02-09,28570902,114,"['en', 'es']",Released,"On every street in every city, there's a nobody who dreams of being a somebody.",Taxi Driver,False,8.165,10604,"['Italo/Judeo Productions', 'Bill/Phillips', 'Columbia Pictures']","['', '', 'US']"
False,/lhsrT0SbPaqmBMHLd5N83j8XAFy.jpg,1530000,"['Action', 'Drama', 'Thriller']",,104,tt0130827,de,Lola rennt,"Lola receives a phone call from her boyfriend Manni. He lost 100,000 DM in a subway train that belongs to a very bad guy. She has 20 minutes to raise this amount and meet Manni. Otherwise, he will rob a store to get the money. Three different alternatives may happen depending on some minor event along Lola's run.",15.737,/v0giIi4bTILVhNhJajet3WWY3FA.jpg,['DE'],1998-03-03,7267585,81,"['de', 'en', 'ja']",Released,Every second of every day you're faced with a decision that can change your life.,Run Lola Run,False,7.321,1914,"['X Filme Creative Pool', 'WDR']","['DE', 'DE']"
False,/5bzPWQ2dFUl2aZKkp7ILJVVkRed.jpg,19000000,"['Adventure', 'Comedy', 'Science Fiction']",http://www.backtothefuture.com/movies/backtothefuture1,105,tt0088763,en,Back to the Future,"Eighties teenager Marty McFly is accidentally sent back in time to 1955, inadvertently disrupting his parents' first meeting and attracting his mother's romantic interest. Marty must repair the damage to history by rekindling his parents' romance and - with the help of his eccentric inventor friend Doc Brown - return to 1985.",53.454,/fNOH9f1aA7XRTzl1sAOx9iF553Q.jpg,['US'],1985-07-03,381109762,116,['en'],Released,He's the only kid ever to get into trouble before he was born.,Back to the Future,False,8.312,17880,"['Universal Pictures', 'Amblin Entertainment']","['US', 'US']"
False,/YL3GPOiDcNraIJOVDCZsoOBoDy.jpg,15000000,"['Science Fiction', 'Action', 'Adventure', 'Thriller']",https://www.20thcenturystudios.com/movies/predator,106,tt0093773,en,Predator,A team of elite commandos on a secret mission in a Central American jungle come to find themselves hunted by an extraterrestrial warrior.,55.452,/9XibNLfmUWCg0PPydmyoCl1KxvF.jpg,['US'],1987-06-12,98267558,107,"['en', 'es']",Released,Soon the hunt will begin.,Predator,False,7.49,6961,"['Silver Pictures', '20th Century Fox', 'Lawrence Gordon Productions', 'Davis Entertainment', 'Amercent Films', 'American Entertainment Partners L.P.', 'Estudios Churubusco Azteca S.A.']","['US', 'US', 'US', 'US', '', '', '']"
False,/ysKahAEPP8h6MInuLjr0xuZOTjh.jpg,10000000,"['Crime', 'Comedy']",,107,tt0208092,en,Snatch,"Unscrupulous boxing promoters, violent bookmakers, a Russian gangster, incompetent amateur robbers and supposedly Jewish jewelers fight to track down a priceless stolen diamond.",27.657,/56mOJth6DJ6JhgoE2jtpilVqJO.jpg,"['GB', 'US']",2000-09-01,83557872,103,"['en', 'ru']",Released,Stealin' stones and breakin' bones.,Snatch,False,7.803,8005,"['SKA Films', 'Columbia Pictures']","['GB', 'US']"
False,/s9rWmLANsVlSV4XmuC0IUcseGzO.jpg,0,['Drama'],,108,tt0108394,fr,Trois couleurs : Bleu,"Julie is haunted by her grief after living through a tragic auto wreck that claimed the life of her composer husband and young daughter. Her initial reaction is to withdraw from her relationships, lock herself in her apartment and suppress her pain. But avoiding human interactions on the bustling streets of Paris proves impossible, and she eventually meets up with Olivier, an old friend who harbors a secret love for her, and who could draw her back to reality.",13.814,/33wsWxzsNstI8N7dvuwzFmj1qBd.jpg,"['FR', 'PL', 'CH']",1993-08-01,0,98,"['fr', 'pl']",Released,,Three Colors: Blue,False,7.7,1421,"['France 3 Cinéma', 'CED Productions', 'Miramax']","['FR', '', 'US']"
False,/2eBL3wXDZqemW8SJ1RNxqtx6bgJ.jpg,0,"['Comedy', 'Drama', 'Mystery']",,109,tt0111507,fr,Trois couleurs : Blanc,"Polish immigrant Karol Karol finds himself out of a marriage, a job and a country when his French wife, Dominique, divorces him after six months due to his impotence. Forced to leave France after losing the business they jointly owned, Karol enlists fellow Polish expatriate Mikołaj to smuggle him back to their homeland.",13.473,/fdIet3NSa27gobMbaUml66oCQNT.jpg,"['FR', 'PL']",1994-01-26,0,92,"['fr', 'hu', 'pl']",Released,,Three Colors: White,False,7.482,989,"['Le Studio Canal+', 'France 3 Cinéma', 'Eurimages', 'Miramax']","['FR', 'FR', 'FR', 'US']"
False,/A9IY3j3Hwf4Q8Q9w5QxSQPYSvCu.jpg,0,"['Drama', 'Mystery', 'Romance']",,110,tt0111495,fr,Trois couleurs : Rouge,"Valentine, a student model in Geneva, struggles with a possessive boyfriend and a troubled family. When she runs over a dog, she discovers that its owner, a retired judge, is illegally wiretapping and eavesdropping on his neighbors' phone calls. Although Valentine is outraged, she develops a strange bond with the judge – and as the two become closer, she finds herself caught in the middle of events that could change her life.",12.935,/JHmsBiX1tjCKqAul1lzC20WcAW.jpg,"['FR', 'PL', 'CH']",1994-05-12,0,100,['fr'],Released,,Three Colors: Red,False,7.957,1160,"['Zespół Filmowy TOR', 'Le Studio Canal+', 'France 3 Cinéma', 'TSR']","['PL', 'FR', 'FR', 'CH']"
False,/cCvp5Sni75agCtyJkNOMapORUQV.jpg,25000000,"['Action', 'Crime', 'Drama']",,111,tt0086250,en,Scarface,"After getting a green card in exchange for assassinating a Cuban government official, Tony Montana stakes a claim on the drug trade in Miami. Viciously murdering anyone who stands in his way, Tony eventually becomes the biggest drug lord in the state, controlling nearly all the cocaine that comes through Miami. But increased pressure from the police, wars with Colombian drug cartels and his own drug-fueled paranoia serve to fuel the flames of his eventual downfall.",66.451,/iQ5ztdjvteGeboxtmRdXEChJOHh.jpg,['US'],1983-12-09,66023329,169,"['en', 'es']",Released,The world is yours...,Scarface,False,8.165,10307,['Universal Pictures'],['US']
False,/1e8tQfZZ65n1UNibJFYHpPFmOqj.jpg,1000000,"['Comedy', 'Drama', 'Romance']",,112,tt0243862,da,Italiensk for begyndere,"A group of strangers find friendship, family and love within an Italian beginners’ course.",6.962,/xBEiE8yBaWtpRG04QpSAcIfJiW1.jpg,"['DK', 'SE']",2000-12-07,16350876,95,"['da', 'it']",Released,Attendance optional. Passion required.,Italian for Beginners,False,6.438,104,['Zentropa Entertainments'],['DK']
False,/6JDjZdFckZyMYgtawDwUb6HTwVp.jpg,0,['Drama'],http://www.fruehling-sommer.de,113,tt0374546,ko,봄 여름 가을 겨울 그리고 봄,"An isolated lake, where an old monk lives in a small floating temple. The monk has a young boy living with him, learning to become a monk. We watch as seasons and years pass by.",11.93,/6SQQ5REuAz7k0FMQ9mSCT40T2LN.jpg,"['KR', 'DE']",2003-09-19,8945072,103,['ko'],Released,"What you like, others will also like.","Spring, Summer, Fall, Winter... and Spring",False,7.847,916,"['LJ Film', 'Korea Pictures', 'Cineclick Asia', 'Cinesoul', 'Mirae Asset Capital', 'Muhan Investment', 'Pandora Film']","['KR', 'KR', 'KR', '', '', '', 'DE']"
False,/3tuWpnCTe14zZZPt6sI1W9ByOXx.jpg,14000000,"['Comedy', 'Romance']",,114,tt0100405,en,Pretty Woman,"When a millionaire wheeler-dealer enters a business contract with a Hollywood hooker Vivian Ward, he loses his heart in the bargain.",34.802,/hVHUfT801LQATGd26VPzhorIYza.jpg,['US'],1990-03-23,463406268,119,['en'],Released,"She walked off the street, into his life and stole his heart.",Pretty Woman,False,7.427,7025,"['Touchstone Pictures', 'Silver Screen Partners IV']","['US', 'US']"
False,/nevS6wjzCxZESvmjJZqdyZ3RNQ6.jpg,15000000,"['Comedy', 'Crime']",,115,tt0118715,en,The Big Lebowski,"Jeffrey 'The Dude' Lebowski, a Los Angeles slacker who only wants to bowl and drink White Russians, is mistaken for another Jeffrey Lebowski, a wheelchair-bound millionaire, and finds himself dragged into a strange series of events involving nihilists, adult film producers, ferrets, errant toes, and large sums of money.",23.505,/juxXYe0VhoNS841sbc4zvz7FHef.jpg,"['GB', 'US']",1998-03-06,46969409,117,"['en', 'he', 'es', 'de']",Released,Times like these call for a Big Lebowski.,The Big Lebowski,False,7.845,10073,"['Gramercy Pictures', 'PolyGram Filmed Entertainment', 'Working Title Films']","['US', 'US', 'GB']"
False,/1HEdbjJ20vXn8nW1LwPMc5lY63U.jpg,15000000,"['Drama', 'Thriller', 'Crime', 'Romance']",,116,tt0416320,en,Match Point,"Chris, a former tennis player, looks for work as an instructor. He meets Tom Hewett, a wealthy young man whose sister Chloe fall in love with Chris. But Chris has his eye on Tom's fiancee Nola.",14.078,/vHjEVTD8ucuwKSFOZJeyAnTZYli.jpg,"['FR', 'IE', 'LU', 'GB', 'US']",2005-10-26,85306374,124,['en'],Released,Passion Temptation Obsession.,Match Point,False,7.352,3671,"['DreamWorks Pictures', 'BBC Film']","['US', 'GB']"
False,/k0oT1Vj9dlkwk5Vuuz7pvnG8iJ6.jpg,25000000,"['Crime', 'Drama', 'History', 'Thriller']",,117,tt0094226,en,The Untouchables,"Young Treasury Agent Eliot Ness arrives in Chicago and is determined to take down Al Capone, but it's not going to be easy because Capone has the police in his pocket. Ness meets Jim Malone, a veteran patrolman and probably the most honorable one on the force. He asks Malone to help him get Capone, but Malone warns him that if he goes after Capone, he is going to war.",19.949,/8BquGK22zCcsmBWiaIakaaPpSZb.jpg,['US'],1987-06-03,76270454,119,['en'],Released,What are you prepared to do?,The Untouchables,False,7.768,5017,['Paramount'],['US']
False,/bSvUW4JQ6g4QiKvwejcfcPRd4Ke.jpg,150000000,"['Adventure', 'Comedy', 'Family', 'Fantasy']",https://www.warnerbros.com/charlie-and-chocolate-factory,118,tt0367594,en,Charlie and the Chocolate Factory,"A young boy wins a tour through the most magnificent chocolate factory in the world, led by the world's most unusual candy maker.",58.708,/wfGfxtBkhBzQfOZw4S8IQZgrH0a.jpg,"['GB', 'US']",2005-07-13,474968763,115,['en'],Released,Prepare for a taste of adventure.,Charlie and the Chocolate Factory,False,7.038,13582,"['The Zanuck Company', 'Theobald Film Productions', 'Plan B Entertainment']","['US', 'GB', 'US']"
False,/dUVbWINfRMGojGZRcO6GF1Z2nV8.jpg,93000000,"['Adventure', 'Fantasy', 'Action']",http://www.lordoftherings.net/,120,tt0120737,en,The Lord of the Rings: The Fellowship of the Ring,"Young hobbit Frodo Baggins, after inheriting a mysterious ring from his uncle Bilbo, must leave his home in order to keep it from falling into the hands of its evil creator. Along the way, a fellowship is formed to protect the ringbearer and make sure that the ring arrives at its final destination: Mt. Doom, the only place where it can be destroyed.",74.296,/6oom5QYQ2yQTMJIbnvbkBL9cHo6.jpg,"['NZ', 'US']",2001-12-18,871368364,179,['en'],Released,One ring to rule them all,The Lord of the Rings: The Fellowship of the Ring,False,8.396,22631,"['New Line Cinema', 'WingNut Films', 'The Saul Zaentz Company']","['US', 'NZ', 'US']"
False,/kWYfW2Re0rUDE6IHhy4CRuKWeFr.jpg,79000000,"['Adventure', 'Fantasy', 'Action']",http://www.lordoftherings.net/,121,tt0167261,en,The Lord of the Rings: The Two Towers,"Frodo and Sam are trekking to Mordor to destroy the One Ring of Power while Gimli, Legolas and Aragorn search for the orc-captured Merry and Pippin. All along, nefarious wizard Saruman awaits the Fellowship members at the Orthanc Tower in Isengard.",62.983,/5VTN0pR8gcqV3EPUHHfMGnJYN9L.jpg,"['NZ', 'US']",2002-12-18,926287400,179,['en'],Released,A New Power Is Rising.,The Lord of the Rings: The Two Towers,False,8.378,19675,"['New Line Cinema', 'WingNut Films', 'The Saul Zaentz Company']","['US', 'NZ', 'US']"
False,/pm0RiwNpSja8gR0BTWpxo5a9Bbl.jpg,94000000,"['Adventure', 'Fantasy', 'Action']",http://www.lordoftherings.net,122,tt0167260,en,The Lord of the Rings: The Return of the King,"Aragorn is revealed as the heir to the ancient kings as he, Gandalf and the other members of the broken fellowship struggle to save Gondor from Sauron's forces. Meanwhile, Frodo and Sam take the ring closer to the heart of Mordor, the dark lord's realm.",65.571,/rCzpDGLbOoPwLjy3OAm5NUPOTrC.jpg,"['NZ', 'US']",2003-12-01,1118888979,201,['en'],Released,The eye of the enemy is moving.,The Lord of the Rings: The Return of the King,False,8.473,21543,"['New Line Cinema', 'WingNut Films', 'The Saul Zaentz Company']","['US', 'NZ', 'US']"
False,/x9McE1WFKnAHludiY7xfd7modDC.jpg,4000000,"['Adventure', 'Animation', 'Fantasy']",,123,tt0077869,en,The Lord of the Rings,The Fellowship of the Ring embark on a journey to destroy the One Ring and end Sauron's reign over Middle-earth.,22.726,/liW0mjvTyLs7UCumaHhx3PpU4VT.jpg,"['ES', 'GB', 'US']",1978-11-15,30471420,132,['en'],Released,Fantasy...beyond your imagination,The Lord of the Rings,False,6.55,725,"['Fantasy Films', 'Bakshi Productions', 'Saul Zaentz Film Productions']","['', '', '']"
False,/xjcQI6O8xZCFtLVjp2IckYgDqV6.jpg,0,['Drama'],,124,tt0086961,pl,Bez końca,"1982, Poland. A translator loses her husband and becomes a victim of her own sorrow. She looks to sex, to her son, to law, and to hypnotism when she has nothing else in this time of martial law when Solidarity was banned.",6.817,/3pdF1guvIxNgmhDkmXJHCCk0PkC.jpg,['PL'],1985-06-17,0,108,"['en', 'pl']",Released,,No End,False,7.3,68,"['Film Polski', 'Studio Filmowe Tor']","['PL', 'PL']"
False,,0,['Documentary'],,125,tt0080668,pl,Dworzec,"Kieslowski’s later film Dworzec (Station, 1980) portrays the atmosphere at Central Station in Warsaw after the rush hour.",1.406,/c4xG9QoCx2zXc8iP3jQVLYDHiMi.jpg,['PL'],1980-01-01,0,13,['pl'],Released,,Railway Station,False,5.9,18,['WFD'],['']
False,/59PVw1vVgLZVVJZfV6k1SfOvcYZ.jpg,0,"['Drama', 'TV Movie']",,126,tt0082631,pl,Krótki dzień pracy,"A dramatisation of the workers' protests in June 1976 in Radom, seen from the perspective of the local Secretary of the Polish United Workers' Party. [Produced in 1981, but not commercially released until 1996.]",0.796,/rJwiDSoKI3ryiLTZZ6BPUl2CrwG.jpg,['PL'],1981-01-01,0,73,['pl'],Released,,Short Working Day,False,7.167,6,"['Zespól Filmowy ""Tor""', 'TVP']","['', 'PL']"
False,/eTSRN1Bwce60rpAORwkKbPRDT6V.jpg,0,['Drama'],,127,tt0084549,pl,Przypadek,Witek runs after a train. Three variations follow on how such a seemingly banal incident could influence the rest of Witek's life.,8.715,/gx84VmJllqvXF3JEqcEdsxBEcbF.jpg,['PL'],1987-01-10,0,123,['pl'],Released,,Blind Chance,False,7.538,158,['Film Polski'],['PL']
False,/mpNd0rTVrp6vHJ9Je7wSa3zC8JS.jpg,26500000,"['Adventure', 'Fantasy', 'Animation']",,128,tt0119698,ja,もののけ姫,"Ashitaka, a prince of the disappearing Emishi people, is cursed by a demonized boar god and must journey to the west to find a cure. Along the way, he encounters San, a young human woman fighting to protect the forest, and Lady Eboshi, who is trying to destroy it. Ashitaka must find a way to bring balance to this conflict.",36.304,/cMYCDADoLKLbB83g4WnJegaZimC.jpg,['JP'],1997-07-12,159414369,134,['ja'],Released,The Fate Of The World Rests On The Courage Of One Warrior.,Princess Mononoke,False,8.341,6940,"['Studio Ghibli', 'Nibariki', 'dentsu Music And Entertainment', 'TNDG', 'Tokuma Shoten', 'Nippon Television Network Corporation', 'dentsu']","['JP', 'JP', 'JP', '', 'JP', 'JP', 'JP']"
False,/Ab8mkHmkYADjU7wQiOkia9BzGvS.jpg,19000000,"['Animation', 'Family', 'Fantasy']",http://movies.disney.com/spirited-away,129,tt0245429,ja,千と千尋の神隠し,"A young girl, Chihiro, becomes trapped in a strange new world of spirits. When her parents undergo a mysterious transformation, she must call upon the courage she never knew she had to free her family.",74.783,/39wmItIWsg5sZMyRUHLkWBcuVCM.jpg,['JP'],2001-07-20,274925095,125,['ja'],Released,,Spirited Away,False,8.54,14250,['Studio Ghibli'],['JP']
False,/1UZn5MA63PjaVCf470o0fz5nrbv.jpg,0,"['Documentary', 'Music']",http://mayslesfilms.com/film/gimme-shelter,132,tt0065780,en,Gimme Shelter,"A detailed chronicle of the famous 1969 tour of the United States by the British rock band The Rolling Stones, which culminated with the disastrous and tragic concert held on December 6 at the Altamont Speedway Free Festival, an event of historical significance, as it marked the end of an era: the generation of peace and love suddenly became the generation of disillusionment.",8.519,/hbGiaHULqEKmEEGb61ko7erTeYG.jpg,['US'],1970-12-13,252570,92,['en'],Released,The music that thrilled the world… and the killing that stunned it!,Gimme Shelter,False,7.392,144,['Maysles Films'],['US']
False,/e6IPjjDzZDkgdkvxQtCjaVCMYJF.jpg,0,['Documentary'],,133,tt0054205,en,Primary,Primary is a documentary film about the primary elections between John F. Kennedy and Hubert Humphrey in 1960. Primary is the first documentary to use light equipment in order to follow their subjects in a more intimate filmmaking style. This unconventional way of filming created a new look for documentary films where the camera’s lens was right in the middle of what ever drama was occuring.,1.84,/gVloWsthHRlw719vzRWRpBqDM20.jpg,['US'],1960-01-01,0,60,['en'],Released,,Primary,False,6.462,26,['Drew Associates'],['US']
False,/3U98a4AWjRRptUSbNdxtM9cp3dd.jpg,26000000,"['Adventure', 'Comedy', 'Crime']",,134,tt0190590,en,"O Brother, Where Art Thou?","In the deep south during the 1930s, three escaped convicts search for hidden treasure while a relentless lawman pursues them. On their journey they come across many comical characters and incredible situations. Based upon Homer's 'Odyssey'.",16.651,/2YztYilviFCYcEtDAnrOstUWGie.jpg,"['FR', 'GB', 'US']",2000-08-30,71870729,107,['en'],Released,They have a plan... but not a clue.,"O Brother, Where Art Thou?",False,7.328,3636,"['Universal Pictures', 'Touchstone Pictures', 'Working Title Films', 'Blind Bard Pictures', 'StudioCanal']","['US', 'US', 'GB', '', 'FR']"
